efficiency,vout,reward,DC_para,query
0.9872658278202551,98.79186584279928,0.004069085514965685,0.1,12
