{"OrderedDict([('C0', ['IN', 'N-C0-L0-Sb0']), ('L0', ['0', 'N-C0-L0-Sb0']), ('Sb0', ['0', 'N-C0-L0-Sb0']), ('Sb1', ['IN', 'OUT']), ('Sb2', ['IN', 'OUT'])])": {"0.1": {"efficiency": 0.9404866373522904, "Vout": 94.48417322500055}, "0.2": {"efficiency": 0.9690127528090249, "Vout": 97.13604433999944}, "0.3": {"efficiency": 0.9789952205206452, "Vout": 98.0631849949995}, "0.4": {"efficiency": 0.9840831351541589, "Vout": 98.5356155799988}, "0.5": {"efficiency": 0.9871703134951155, "Vout": 98.82219178500108}, "0.6": {"efficiency": 0.9892449475096382, "Vout": 99.01471614500024}, "0.7": {"efficiency": 0.9907365025686529, "Vout": 99.15307834499929}, "0.8": {"efficiency": 0.9918616045266184, "Vout": 99.25740257499719}, "0.9": {"efficiency": 0.99274140698099, "Vout": 99.33893867000097}}, "OrderedDict([('L0', ['IN', 'N-L0-L1-L2-Sb0']), ('L1', ['IN', 'N-L0-L1-L2-Sb0']), ('L2', ['N-L0-L1-L2-Sb0', 'OUT']), ('Sb0', ['0', 'N-L0-L1-L2-Sb0']), ('Sb1', ['IN', 'OUT'])])": {"0.1": {"efficiency": -1, "Vout": -500}, "0.2": {"efficiency": -1, "Vout": -500}, "0.3": {"efficiency": -1, "Vout": -500}, "0.4": {"efficiency": -1, "Vout": -500}, "0.5": {"efficiency": -1, "Vout": -500}, "0.6": {"efficiency": -1, "Vout": -500}, "0.7": {"efficiency": -1, "Vout": -500}, "0.8": {"efficiency": -1, "Vout": -500}, "0.9": {"efficiency": -1, "Vout": -500}}, "OrderedDict([('L0', ['N-L0-L2-Sb0', 'OUT']), ('L1', ['IN', 'N-L1-Sb1']), ('L2', ['IN', 'N-L0-L2-Sb0']), ('Sb0', ['N-L0-L2-Sb0', 'OUT']), ('Sb1', ['0', 'N-L1-Sb1'])])": {"0.1": {"efficiency": 0.9927135663809354, "Vout": 99.899587554844}, "0.2": {"efficiency": 0.9779245222570199, "Vout": 99.8983876422797}, "0.3": {"efficiency": 0.9543828782273911, "Vout": 99.89639097580444}, "0.4": {"efficiency": 0.9233582552805483, "Vout": 99.89358389778658}, "0.5": {"efficiency": 0.886379294299078, "Vout": 99.8899479351883}, "0.6": {"efficiency": 0.845067201338219, "Vout": 99.88545889239312}, "0.7": {"efficiency": 0.8009877476161074, "Vout": 99.88008975800277}, "0.8": {"efficiency": 0.7555468543732734, "Vout": 99.87381134330174}, "0.9": {"efficiency": 0.7099271435081329, "Vout": 99.86659199459586}}, "OrderedDict([('L0', ['IN', 'N-L0-Sa2-Sb0']), ('Sa0', ['IN', 'OUT']), ('Sa1', ['N-Sa1-Sa2', 'OUT']), ('Sa2', ['N-L0-Sa2-Sb0', 'N-Sa1-Sa2']), ('Sb0', ['0', 'N-L0-Sa2-Sb0'])])": {"0.1": {"efficiency": 0.7202649072198941, "Vout": 102.68154215000008}, "0.2": {"efficiency": 0.4160117619111751, "Vout": 106.58584335000042}, "0.3": {"efficiency": 0.24552276390749833, "Vout": 111.06524255000012}, "0.4": {"efficiency": 0.15701544354128608, "Vout": 116.24629930000015}, "0.5": {"efficiency": 0.10806847854367142, "Vout": 122.28499404999818}, "0.6": {"efficiency": 0.07884169274921962, "Vout": 129.3580164000022}, "0.7": {"efficiency": 0.06009483018780261, "Vout": 137.59669610000049}, "0.8": {"efficiency": 0.047011487273190836, "Vout": 146.71919765000092}, "0.9": {"efficiency": 0.035690068737595226, "Vout": 153.2326751000003}}, "OrderedDict([('L0', ['IN', 'N-L0-Sa0-Sa1-Sb1']), ('Sa0', ['0', 'N-L0-Sa0-Sa1-Sb1']), ('Sa1', ['0', 'N-L0-Sa0-Sa1-Sb1']), ('Sb0', ['IN', 'OUT']), ('Sb1', ['N-L0-Sa0-Sa1-Sb1', 'OUT'])])": {"0.1": {"efficiency": 0.035213556967481345, "Vout": 200.2783888800025}, "0.2": {"efficiency": 0.043476418898553554, "Vout": 182.05007514398977}, "0.3": {"efficiency": 0.05271531046287483, "Vout": 163.69748599999863}, "0.4": {"efficiency": 0.06622868223177826, "Vout": 148.56778675000032}, "0.5": {"efficiency": 0.08773923505043565, "Vout": 136.26149880000324}, "0.6": {"efficiency": 0.1245983067192317, "Vout": 126.15306444999933}, "0.7": {"efficiency": 0.19381974396830548, "Vout": 117.73589389999962}, "0.8": {"efficiency": 0.33809785411883947, "Vout": 110.6324643000008}, "0.9": {"efficiency": 0.6418175123113221, "Vout": 104.56413690000123}}, "OrderedDict([('L0', ['IN', 'N-L0-Sa0-Sa1-Sb0']), ('L1', ['IN', 'N-L1-Sa1']), ('Sa0', ['0', 'N-L0-Sa0-Sa1-Sb0']), ('Sa1', ['N-L0-Sa0-Sa1-Sb0', 'N-L1-Sa1']), ('Sb0', ['N-L0-Sa0-Sa1-Sb0', 'OUT'])])": {"0.1": {"efficiency": 0.4261781985133471, "Vout": 457.3310004900027}, "0.2": {"efficiency": 0.7290038207545606, "Vout": 385.81197973499974}, "0.3": {"efficiency": 0.8247250805476832, "Vout": 293.94827720899895}, "0.4": {"efficiency": 0.862645609667708, "Vout": 232.22981104300064}, "0.5": {"efficiency": 0.882410108332721, "Vout": 190.56547912700066}, "0.6": {"efficiency": 0.8968487332362469, "Vout": 161.09318083600073}, "0.7": {"efficiency": 0.910239698229877, "Vout": 139.30760526300014}, "0.8": {"efficiency": 0.9232680221209745, "Vout": 122.60785327699955}, "0.9": {"efficiency": 0.9343910738233684, "Vout": 109.42334999799965}}, "OrderedDict([('L0', ['N-L0-L1-Sb1', 'OUT']), ('L1', ['IN', 'N-L0-L1-Sb1']), ('Sa0', ['N-Sa0-Sb0', 'OUT']), ('Sb0', ['0', 'N-Sa0-Sb0']), ('Sb1', ['N-L0-L1-Sb1', 'OUT'])])": {"0.1": {"efficiency": 0.9594601823971934, "Vout": 99.8877070730002}, "0.2": {"efficiency": 0.9593952393976215, "Vout": 99.88783065489979}, "0.3": {"efficiency": 0.9592867961052832, "Vout": 99.88799951019955}, "0.4": {"efficiency": 0.9591365040501164, "Vout": 99.88821036789984}, "0.5": {"efficiency": 0.9589466092291141, "Vout": 99.88845936860034}, "0.6": {"efficiency": 0.9587198758034833, "Vout": 99.88874210470065}, "0.7": {"efficiency": 0.9584595616414504, "Vout": 99.88905380250047}, "0.8": {"efficiency": 0.9581692915524989, "Vout": 99.88938941099981}, "0.9": {"efficiency": 0.9578530046208374, "Vout": 99.88974370719978}}, "OrderedDict([('L0', ['IN', 'N-L0-Sa1-Sb0']), ('Sa0', ['IN', 'OUT']), ('Sa1', ['N-L0-Sa1-Sb0', 'N-Sa1-Sa2']), ('Sa2', ['0', 'N-Sa1-Sa2']), ('Sb0', ['N-L0-Sa1-Sb0', 'OUT'])])": {"0.1": {"efficiency": 0.023930450947149774, "Vout": 99.81010250499772}, "0.2": {"efficiency": 0.03248595616352691, "Vout": 105.89231329999893}, "0.3": {"efficiency": 0.046101934731297034, "Vout": 112.14753120000154}, "0.4": {"efficiency": 0.06887001062961443, "Vout": 117.93137594999996}, "0.5": {"efficiency": 0.10914811251211878, "Vout": 122.2484247499985}, "0.6": {"efficiency": 0.1848541586597817, "Vout": 123.91804955000165}, "0.7": {"efficiency": 0.33311967104671564, "Vout": 122.03340880000061}, "0.8": {"efficiency": 0.5998072137086239, "Vout": 116.51349160000123}, "0.9": {"efficiency": 0.8863717324674079, "Vout": 108.2694857500013}}, "OrderedDict([('L0', ['IN', 'N-L0-Sa0-Sb0']), ('Sa0', ['0', 'N-L0-Sa0-Sb0']), ('Sa1', ['0', 'N-Sa1-Sb1']), ('Sb0', ['N-L0-Sa0-Sb0', 'OUT']), ('Sb1', ['IN', 'N-Sa1-Sb1'])])": {"0.1": {"efficiency": 0.42760000132692805, "Vout": 458.15334288799835}, "0.2": {"efficiency": 0.7363313708514246, "Vout": 386.83147507700005}, "0.3": {"efficiency": 0.8360717962670341, "Vout": 294.6273397960006}, "0.4": {"efficiency": 0.8739318936127847, "Vout": 232.64255492199902}, "0.5": {"efficiency": 0.8882549137686269, "Vout": 190.80392977599973}, "0.6": {"efficiency": 0.891522799029937, "Vout": 161.22113365699963}, "0.7": {"efficiency": 0.8886230855388936, "Vout": 139.3673364600002}, "0.8": {"efficiency": 0.8817946057605176, "Vout": 122.62795420500012}, "0.9": {"efficiency": 0.8722075833984869, "Vout": 109.42379842599992}}, "OrderedDict([('L0', ['IN', 'N-L0-Sa1-Sa2-Sb0']), ('Sa0', ['IN', 'OUT']), ('Sa1', ['0', 'N-L0-Sa1-Sa2-Sb0']), ('Sa2', ['0', 'N-L0-Sa1-Sa2-Sb0']), ('Sb0', ['N-L0-Sa1-Sa2-Sb0', 'OUT'])])": {"0.1": {"efficiency": 0.00818287449511012, "Vout": 101.93404713600171}, "0.2": {"efficiency": 0.015346103579903342, "Vout": 118.01904244799954}, "0.3": {"efficiency": 0.02766390119749358, "Vout": 129.4026913300004}, "0.4": {"efficiency": 0.04912297066841131, "Vout": 135.44646800000157}, "0.5": {"efficiency": 0.08800250872212775, "Vout": 136.36096495000012}, "0.6": {"efficiency": 0.1625368652149832, "Vout": 133.00062474999692}, "0.7": {"efficiency": 0.311064253689117, "Vout": 126.51801674999852}, "0.8": {"efficiency": 0.5789649302034593, "Vout": 118.05642264999778}, "0.9": {"efficiency": 0.8594508231073587, "Vout": 108.56893222399881}},